ano_chamada,qtd_demandada,qtd_atendida,valor_demandado,valor_atendido,grande_area_id,linha_fomento_id,modalidade_id,regiao_id
2019,10,3,2136173.22,1012436.00,1,1,6,1
2019,8,0,960149.83,0.00,1,1,6,3
2019,3,1,478586.00,248336.00,1,1,6,4
2019,13,5,1528891.29,631950.00,1,1,6,6
2019,14,2,1554167.38,222400.00,1,1,6,7
2019,120,12,10344061.42,1015485.32,1,2,2,2
2019,9,0,3641609.74,0.00,1,2,4,2
2019,9,0,574158.00,0.00,1,2,5,2
2019,130,15,16159730.41,1799107.67,1,2,13,2
2019,1,0,14200.00,0.00,1,3,1,7
2019,1,0,15700.00,0.00,1,3,3,1
2019,1,1,14200.00,14200.00,1,3,3,6
2019,1,1,68100.00,68100.00,1,3,7,1
2019,4,0,256800.00,0.00,1,3,7,3
2019,1,1,67600.00,67600.00,1,3,7,4
2019,5,1,323400.00,68600.00,1,3,7,6
2019,174,60,11431200.00,2508000.00,1,3,9,1
2019,201,74,13239600.00,3326400.00,1,3,9,3
2019,42,13,2745600.00,567600.00,1,3,9,4
2019,503,234,33092400.00,10692000.00,1,3,9,6
2019,265,146,17490000.00,6547200.00,1,3,9,7
2019,7,1,381300.00,57400.00,1,3,10,1
2019,2,0,110500.00,0.00,1,3,10,3
2019,9,1,480450.00,54050.00,1,3,10,6
2019,7,0,377200.00,0.00,1,3,10,7
2019,72,5,3956850.00,270000.00,1,3,11,1
2019,119,6,6470180.00,328600.00,1,3,11,3
2019,18,0,990800.00,0.00,1,3,11,4
2019,326,46,17620594.98,2507200.00,1,3,11,6
2019,170,28,9118600.00,1520500.00,1,3,11,7
2019,7,1,414250.00,57600.00,1,3,12,1
2019,11,2,660100.00,119600.00,1,3,12,3
2019,4,1,236300.00,57600.00,1,3,12,4
2019,25,3,1353900.00,177600.00,1,3,12,6
2019,10,3,597300.00,187100.00,1,3,12,7
2019,13,3,2185425.11,1080000.00,2,1,6,1
2019,28,2,3009220.69,119800.00,2,1,6,3
2019,11,3,1208597.96,309200.00,2,1,6,4
2019,1,0,330000.00,0.00,2,1,6,5
2019,42,10,4958870.49,900776.00,2,1,6,6
2019,34,2,3491432.86,120000.00,2,1,6,7
2019,156,14,13837741.97,1652076.20,2,2,2,2
2019,20,0,11270467.41,0.00,2,2,4,2
2019,15,5,851721.00,332919.60,2,2,5,2
2019,139,12,17711212.25,1647513.94,2,2,13,2
2019,1,1,13900.00,13900.00,2,3,1,7
2019,2,1,34400.00,15200.00,2,3,3,3
2019,2,0,18000.00,0.00,2,3,3,6
2019,3,1,180900.00,73300.00,2,3,7,3
2019,1,0,32800.00,0.00,2,3,7,4
2019,4,0,283400.00,0.00,2,3,7,6
2019,3,0,186100.00,0.00,2,3,7,7
2019,88,45,5781600.00,2085600.00,2,3,9,1
2019,224,93,14731200.00,4197600.00,2,3,9,3
2019,78,30,5148000.00,1346400.00,2,3,9,4
2019,808,414,53116800.00,19351200.00,2,3,9,6
2019,253,116,16698000.00,5398800.00,2,3,9,7
2019,1,0,53800.00,0.00,2,3,10,1
2019,1,0,53300.00,0.00,2,3,10,3
2019,7,3,375600.00,159900.00,2,3,10,6
2019,8,2,426400.00,106600.00,2,3,10,7
2019,79,15,4333650.00,823100.00,2,3,11,1
2019,143,14,7800600.00,780100.00,2,3,11,3
2019,53,4,2923298.00,225100.00,2,3,11,4
2019,452,47,24324221.99,2583650.00,2,3,11,6
2019,237,38,12620990.00,2046700.00,2,3,11,7
2019,5,2,292750.00,115200.00,2,3,12,1
2019,7,0,403200.00,0.00,2,3,12,3
2019,2,2,120600.00,120600.00,2,3,12,4
2019,47,6,2761810.00,364310.00,2,3,12,6
2019,8,0,476600.00,0.00,2,3,12,7
2019,27,3,2721043.00,538400.00,3,1,6,1
2019,52,7,18443469.17,655400.00,3,1,6,3
2019,13,0,1407324.20,0.00,3,1,6,4
2019,80,13,12172188.55,1985039.00,3,1,6,6
2019,37,5,3962764.43,242210.01,3,1,6,7
2019,145,16,13070828.22,1278825.07,3,2,2,2
2019,28,0,13784733.75,0.00,3,2,4,2
2019,13,1,709488.00,54405.00,3,2,5,2
2019,193,17,24355745.44,2095722.16,3,2,13,2
2019,3,2,44100.00,28400.00,3,3,3,3
2019,3,1,39600.00,6600.00,3,3,3,6
2019,4,0,48780.00,0.00,3,3,3,7
2019,3,0,197400.00,0.00,3,3,7,3
2019,4,1,272000.00,72600.00,3,3,7,6
2019,4,1,148400.00,59200.00,3,3,7,7
2019,137,48,9042000.00,2085600.00,3,3,9,1
2019,432,153,28459200.00,6784800.00,3,3,9,3
2019,65,22,4263600.00,976800.00,3,3,9,4
2019,1148,548,75372000.00,26056800.00,3,3,9,6
2019,387,135,25489200.00,6045600.00,3,3,9,7
2019,2,0,155800.00,0.00,3,3,10,1
2019,3,0,169900.00,0.00,3,3,10,3
2019,2,0,114800.00,0.00,3,3,10,4
2019,3,0,159900.00,0.00,3,3,10,6
2019,46,7,2528600.00,382100.00,3,3,11,1
2019,83,19,4524950.00,1073000.00,3,3,11,3
2019,17,1,891000.00,54000.00,3,3,11,4
2019,297,82,16143792.85,4484050.00,3,3,11,6
2019,133,39,7294950.00,2154100.00,3,3,11,7
2019,2,2,121600.00,121600.00,3,3,12,1
2019,1,0,62000.00,0.00,3,3,12,2
2019,2,0,129200.00,0.00,3,3,12,3
2019,3,0,179200.00,0.00,3,3,12,4
2019,35,4,2025000.00,249700.00,3,3,12,6
2019,10,1,578900.00,34000.00,3,3,12,7
2019,66,6,7364262.73,342300.00,4,1,6,1
2019,97,13,11503957.45,747897.50,4,1,6,3
2019,59,8,6119627.10,475800.00,4,1,6,4
2019,206,42,22891534.51,3726500.00,4,1,6,6
2019,146,23,16184990.82,1413260.00,4,1,6,7
2019,87,5,6625558.26,371210.81,4,2,2,2
2019,48,0,17059788.89,0.00,4,2,4,2
2019,22,1,1240657.59,59085.00,4,2,5,2
2019,170,10,19589957.12,1217092.54,4,2,13,2
2019,1,0,14200.00,0.00,4,3,3,3
2019,1,0,10050.00,0.00,4,3,3,4
2019,4,1,64252.00,15200.00,4,3,3,6
2019,1,0,62400.00,0.00,4,3,7,3
2019,3,1,149600.00,62400.00,4,3,7,6
2019,2,1,95400.00,68600.00,4,3,7,7
2019,118,39,7682400.00,1755600.00,4,3,9,1
2019,250,78,16394400.00,3445200.00,4,3,9,3
2019,75,10,4923600.00,448800.00,4,3,9,4
2019,725,323,47559600.00,14784000.00,4,3,9,6
2019,347,132,22849200.00,5847600.00,4,3,9,7
2019,12,0,703980.00,0.00,4,3,11,1
2019,1,0,54000.00,0.00,4,3,11,2
2019,27,3,1441450.00,171750.00,4,3,11,3
2019,85,10,4440376.66,565750.00,4,3,11,6
2019,44,8,2419848.00,419098.00,4,3,11,7
2019,1,0,75500.00,0.00,4,3,12,1
2019,11,4,533959.00,187800.00,4,3,12,3
2019,24,6,1288054.00,335800.00,4,3,12,6
2019,11,6,639330.00,343900.00,4,3,12,7
2019,3,0,436777.50,0.00,5,1,6,1
2019,3,0,315370.00,0.00,5,1,6,3
2019,2,1,90300.00,81612.70,5,1,6,4
2019,6,6,687560.00,469900.00,5,1,6,6
2019,3,0,239170.00,0.00,5,1,6,7
2019,58,8,4599338.13,594802.38,5,2,2,2
2019,45,0,17159716.02,0.00,5,2,4,2
2019,3,0,164841.30,0.00,5,2,5,2
2019,115,9,13672898.62,1020251.63,5,2,13,2
2019,3,0,121700.00,0.00,5,3,7,3
2019,1,0,15600.00,0.00,5,3,7,6
2019,4,2,156900.00,57600.00,5,3,7,7
2019,66,26,4356000.00,1135200.00,5,3,9,1
2019,153,43,10071600.00,1887600.00,5,3,9,3
2019,13,2,858000.00,92400.00,5,3,9,4
2019,484,206,31864800.00,8857200.00,5,3,9,6
2019,305,82,20024400.00,3379200.00,5,3,9,7
2019,1,1,53300.00,53300.00,5,3,10,3
2019,2,0,106600.00,0.00,5,3,10,7
2019,5,0,286200.00,0.00,5,3,11,1
2019,5,0,291100.00,0.00,5,3,11,3
2019,1,0,54000.00,0.00,5,3,11,4
2019,54,13,2964950.00,711850.00,5,3,11,6
2019,23,2,1368700.00,115100.00,5,3,11,7
2019,1,0,57600.00,0.00,5,3,12,1
2019,5,1,223300.00,28800.00,5,3,12,3
2019,15,4,874200.00,257000.00,5,3,12,6
2019,7,1,393900.00,57600.00,5,3,12,7
2019,16,3,2552061.93,507967.82,6,1,6,1
2019,13,1,1766415.25,123720.00,6,1,6,3
2019,3,0,328326.00,0.00,6,1,6,4
2019,26,3,3623467.45,754600.00,6,1,6,6
2019,5,0,845383.98,0.00,6,1,6,7
2019,89,9,7463947.40,930130.06,6,2,2,2
2019,18,0,9579466.13,0.00,6,2,4,2
2019,8,1,398092.50,54054.00,6,2,5,2
2019,122,12,15315541.24,1516846.84,6,2,13,2
2019,1,1,13200.00,13200.00,6,3,1,7
2019,2,0,21100.00,0.00,6,3,3,3
2019,1,0,13200.00,0.00,6,3,3,7
2019,2,0,123600.00,0.00,6,3,7,1
2019,2,0,90518.00,0.00,6,3,7,3
2019,2,0,99200.00,0.00,6,3,7,6
2019,3,1,157100.00,68900.00,6,3,7,7
2019,62,18,4065600.00,712800.00,6,3,9,1
2019,224,44,14784000.00,1940400.00,6,3,9,3
2019,18,6,1188000.00,277200.00,6,3,9,4
2019,784,322,51559200.00,14836800.00,6,3,9,6
2019,287,81,18836400.00,3748800.00,6,3,9,7
2019,1,0,63300.00,0.00,6,3,10,3
2019,3,0,160400.00,0.00,6,3,10,6
2019,3,0,165000.00,0.00,6,3,10,7
2019,4,0,220600.00,0.00,6,3,11,1
2019,39,7,2146100.00,385100.00,6,3,11,3
2019,158,21,8574511.00,1141450.00,6,3,11,6
2019,67,11,3577300.00,598600.00,6,3,11,7
2019,7,1,438700.00,57600.00,6,3,12,3
2019,1,0,66000.00,0.00,6,3,12,4
2019,27,1,1609500.00,63000.00,6,3,12,6
2019,6,0,345600.00,0.00,6,3,12,7
2019,9,1,4269554.90,2569200.00,7,1,6,1
2019,17,4,2359750.50,620600.00,7,1,6,3
2019,30,10,10120910.26,7303800.00,7,1,6,6
2019,18,5,2691846.30,1253000.00,7,1,6,7
2019,178,54,16118320.91,5243987.96,7,2,2,2
2019,59,2,26734860.21,470085.70,7,2,4,2
2019,13,1,758456.40,62166.00,7,2,5,2
2019,145,9,18776577.57,1221602.48,7,2,13,2
2019,1,0,13212.00,0.00,7,3,1,6
2019,2,0,29920.00,0.00,7,3,3,4
2019,3,1,191100.00,73600.00,7,3,7,3
2019,2,0,82600.00,0.00,7,3,7,4
2019,6,1,358000.00,62400.00,7,3,7,6
2019,4,1,182400.00,27800.00,7,3,7,7
2019,57,22,3762000.00,950400.00,7,3,9,1
2019,202,71,13305600.00,3102000.00,7,3,9,3
2019,28,8,1848000.00,369600.00,7,3,9,4
2019,847,340,55558800.00,16051200.00,7,3,9,6
2019,297,116,19522800.00,5187600.00,7,3,9,7
2019,3,0,159900.00,0.00,7,3,10,1
2019,1,0,28700.00,0.00,7,3,10,3
2019,6,0,319800.00,0.00,7,3,10,6
2019,4,1,224700.00,63300.00,7,3,10,7
2019,9,1,490660.00,58660.00,7,3,11,1
2019,78,13,4310990.00,712700.00,7,3,11,3
2019,4,0,220850.00,0.00,7,3,11,4
2019,247,44,13398106.90,2378450.00,7,3,11,6
2019,131,33,7059910.00,1755000.00,7,3,11,7
2019,3,0,172800.00,0.00,7,3,12,1
2019,2,0,121100.00,0.00,7,3,12,3
2019,1,0,57600.00,0.00,7,3,12,4
2019,34,4,1947000.00,234800.00,7,3,12,6
2019,11,0,648400.00,0.00,7,3,12,7
2019,1,0,320000.00,0.00,8,1,6,1
2019,2,1,241358.89,59900.00,8,1,6,4
2019,2,0,165780.00,0.00,8,1,6,6
2019,4,0,684719.50,0.00,8,1,6,7
2019,30,0,2424073.84,0.00,8,2,2,2
2019,18,0,6453912.31,0.00,8,2,4,2
2019,7,1,394461.99,71526.00,8,2,5,2
2019,58,4,6624128.70,484929.46,8,2,13,2
2019,1,1,76100.00,76100.00,8,3,7,7
2019,25,6,1623600.00,250800.00,8,3,9,1
2019,73,21,4791600.00,910800.00,8,3,9,3
2019,17,8,1122000.00,343200.00,8,3,9,4
2019,231,121,15034800.00,5530800.00,8,3,9,6
2019,87,39,5715600.00,1742400.00,8,3,9,7
2019,5,0,274900.00,0.00,8,3,11,1
2019,6,0,288600.00,0.00,8,3,11,3
2019,35,9,1910700.00,483500.00,8,3,11,6
2019,13,0,713200.00,0.00,8,3,11,7
2019,1,0,33950.00,0.00,8,3,12,3
2019,17,2,900750.00,100600.00,8,3,12,6
2019,2,0,57600.00,0.00,8,3,12,7
2019,2,0,286840.00,0.00,9,1,6,7
2019,10,4,1050741.00,391937.50,10,1,6,1
2019,30,3,3012880.82,178600.00,10,1,6,3
2019,6,0,542613.70,0.00,10,1,6,4
2019,25,4,4000877.20,1105589.99,10,1,6,6
2019,15,0,1486170.91,0.00,10,1,6,7
2019,1,0,53908.41,0.00,10,2,5,2
2019,2,0,205168.32,0.00,10,2,13,2
2019,2,0,132000.00,0.00,10,3,9,1
2019,5,1,330000.00,39600.00,10,3,9,3
2019,3,0,198000.00,0.00,10,3,9,4
2019,13,7,831600.00,303600.00,10,3,9,6
2019,6,2,396000.00,79200.00,10,3,9,7
2019,1,1,54000.00,54000.00,10,3,11,4
2020,9,5,2275564.00,1295448.00,1,1,6,1
2020,7,3,1778152.00,949648.00,1,1,6,3
2020,2,1,2142920.00,1257984.00,1,1,6,4
2020,23,8,8872869.02,5700064.00,1,1,6,6
2020,13,7,7591160.55,4674000.00,1,1,6,7
2020,122,17,9763177.10,1253583.93,1,2,2,2
2020,11,0,5556638.19,0.00,1,2,4,2
2020,2,1,135803.32,88149.59,1,2,5,2
2020,83,4,11697885.24,519033.28,1,2,13,2
2020,2,0,27600.00,0.00,1,3,1,6
2020,1,0,13200.00,0.00,1,3,3,1
2020,3,0,42400.00,0.00,1,3,3,3
2020,1,0,13200.00,0.00,1,3,3,6
2020,2,2,148200.00,148200.00,1,3,7,1
2020,5,0,198700.00,0.00,1,3,7,6
2020,3,0,216000.00,0.00,1,3,7,7
2020,174,60,6969600.00,2547600.00,1,3,9,1
2020,185,66,7378800.00,2864400.00,1,3,9,3
2020,40,12,1584000.00,475200.00,1,3,9,4
2020,412,175,16447200.00,8012400.00,1,3,9,6
2020,252,103,10111200.00,4527600.00,1,3,9,7
2020,2,0,106600.00,0.00,1,3,10,1
2020,5,1,267000.00,53800.00,1,3,10,3
2020,1,0,54100.00,0.00,1,3,10,4
2020,11,1,605200.00,53300.00,1,3,10,6
2020,4,1,213500.00,53300.00,1,3,10,7
2020,62,3,3408500.00,166600.00,1,3,11,1
2020,126,15,6832750.00,823500.00,1,3,11,3
2020,22,1,1233700.00,58100.00,1,3,11,4
2020,280,48,15197410.32,2649296.32,1,3,11,6
2020,134,23,7306250.00,1225600.00,1,3,11,7
2020,5,1,230400.00,57600.00,1,3,12,1
2020,13,0,730300.00,0.00,1,3,12,3
2020,1,0,57600.00,0.00,1,3,12,4
2020,20,1,1127750.00,57600.00,1,3,12,6
2020,8,2,436900.00,115200.00,1,3,12,7
2020,4,4,3666140.00,2537968.00,2,1,6,1
2020,1,0,84179.00,0.00,2,1,6,2
2020,3,1,569000.00,15000.00,2,1,6,3
2020,3,2,474984.00,115600.00,2,1,6,4
2020,32,19,10242604.39,4400240.00,2,1,6,6
2020,10,3,3799029.08,2562795.00,2,1,6,7
2020,150,16,12739960.75,1402217.04,2,2,2,2
2020,26,0,11723662.03,0.00,2,2,4,2
2020,10,1,631565.44,52361.94,2,2,5,2
2020,166,10,24624509.68,1366035.46,2,2,13,2
2020,1,0,17267.14,0.00,2,3,3,4
2020,5,3,72500.00,45600.00,2,3,3,6
2020,5,1,349200.00,62400.00,2,3,7,3
2020,5,3,265600.00,151800.00,2,3,7,6
2020,1,0,62400.00,0.00,2,3,7,7
2020,102,37,4039200.00,1557600.00,2,3,9,1
2020,192,64,7629600.00,2811600.00,2,3,9,3
2020,66,20,2640000.00,844800.00,2,3,9,4
2020,725,293,28921200.00,13437600.00,2,3,9,6
2020,238,107,9451200.00,4659600.00,2,3,9,7
2020,4,1,217300.00,53300.00,2,3,10,1
2020,1,0,63300.00,0.00,2,3,10,3
2020,14,3,756700.00,159900.00,2,3,10,6
2020,6,0,319800.00,0.00,2,3,10,7
2020,68,11,3732000.00,594000.00,2,3,11,1
2020,148,11,8096850.00,600100.00,2,3,11,3
2020,53,6,2967650.00,341300.00,2,3,11,4
2020,531,89,28735111.04,4844637.00,2,3,11,6
2020,169,34,9112750.00,1853650.00,2,3,11,7
2020,2,0,125350.00,0.00,2,3,12,1
2020,15,1,920450.00,63200.00,2,3,12,3
2020,4,0,235400.00,0.00,2,3,12,4
2020,60,14,3542861.00,810800.00,2,3,12,6
2020,16,0,869000.00,0.00,2,3,12,7
2020,11,8,4084288.00,2328992.00,3,1,6,1
2020,35,14,8967490.91,4482216.00,3,1,6,3
2020,3,2,2211404.00,1022160.00,3,1,6,4
2020,56,25,19407961.59,10587457.00,3,1,6,6
2020,21,8,7089792.25,3288618.00,3,1,6,7
2020,140,3,12375242.97,277118.59,3,2,2,2
2020,26,0,11264393.92,0.00,3,2,4,2
2020,15,1,1202488.67,57471.83,3,2,5,2
2020,211,3,30736902.14,439648.73,3,2,13,2
2020,1,0,13200.00,0.00,3,3,1,6
2020,1,1,9800.00,9800.00,3,3,3,1
2020,1,0,15400.00,0.00,3,3,3,3
2020,3,2,47300.00,30100.00,3,3,3,6
2020,2,0,30600.00,0.00,3,3,3,7
2020,2,0,141100.00,0.00,3,3,7,1
2020,4,0,204200.00,0.00,3,3,7,3
2020,2,0,154000.00,0.00,3,3,7,4
2020,10,3,527100.00,154600.00,3,3,7,6
2020,3,0,166190.00,0.00,3,3,7,7
2020,155,53,6138000.00,2336400.00,3,3,9,1
2020,464,142,18427200.00,6177600.00,3,3,9,3
2020,71,21,2811600.00,910800.00,3,3,9,4
2020,1095,415,43678800.00,18783600.00,3,3,9,6
2020,396,134,15892800.00,5940000.00,3,3,9,7
2020,1,0,53300.00,0.00,3,3,10,3
2020,6,5,319800.00,266500.00,3,3,10,6
2020,31,6,1679500.00,330600.00,3,3,11,1
2020,109,21,5934916.00,1169450.00,3,3,11,3
2020,24,7,1338750.00,395050.00,3,3,11,4
2020,384,118,21088210.00,6565330.00,3,3,11,6
2020,139,43,7585966.00,2395866.00,3,3,11,7
2020,2,0,120300.00,0.00,3,3,12,1
2020,1,0,65000.00,0.00,3,3,12,2
2020,15,4,905050.00,246700.00,3,3,12,3
2020,2,1,125200.00,63200.00,3,3,12,4
2020,56,13,3175050.00,766850.00,3,3,12,6
2020,10,2,548900.00,125600.00,3,3,12,7
2020,6,3,636549.00,70000.00,4,1,6,1
2020,10,1,1181231.00,100000.00,4,1,6,3
2020,4,0,237324.18,0.00,4,1,6,4
2020,21,7,2251495.06,305000.00,4,1,6,6
2020,11,4,1005197.17,140000.00,4,1,6,7
2020,90,3,6615763.97,185175.93,4,2,2,2
2020,39,0,11476923.18,0.00,4,2,4,2
2020,13,6,1002783.99,432410.52,4,2,5,2
2020,181,6,23554927.04,804408.08,4,2,13,2
2020,1,0,11000.00,0.00,4,3,3,1
2020,4,3,54800.00,41600.00,4,3,3,6
2020,1,1,15200.00,15200.00,4,3,3,7
2020,1,1,46400.00,46400.00,4,3,7,3
2020,1,0,70600.00,0.00,4,3,7,4
2020,2,2,124800.00,124800.00,4,3,7,6
2020,4,2,242300.00,143200.00,4,3,7,7
2020,141,39,5768400.00,1663200.00,4,3,9,1
2020,258,62,10375200.00,2613600.00,4,3,9,3
2020,65,18,2626800.00,765600.00,4,3,9,4
2020,641,218,25700400.00,9688800.00,4,3,9,6
2020,397,115,15985200.00,5108400.00,4,3,9,7
2020,14,4,782750.00,225350.00,4,3,11,1
2020,1,0,62200.00,0.00,4,3,11,2
2020,29,3,1605050.00,167100.00,4,3,11,3
2020,6,1,341300.00,61100.00,4,3,11,4
2020,170,27,9246050.01,1496700.00,4,3,11,6
2020,73,13,3909280.00,721100.00,4,3,11,7
2020,2,0,120200.00,0.00,4,3,12,1
2020,6,1,352700.00,66000.00,4,3,12,3
2020,3,0,191800.00,0.00,4,3,12,4
2020,32,9,1900898.00,528098.00,4,3,12,6
2020,6,2,323200.00,119600.00,4,3,12,7
2020,6,2,698637.33,70000.00,5,1,6,1
2020,9,5,3348942.29,1643784.00,5,1,6,3
2020,2,1,157320.55,50000.00,5,1,6,4
2020,26,7,2405616.47,280000.00,5,1,6,6
2020,19,6,3188169.45,1400744.00,5,1,6,7
2020,62,4,5005721.44,316899.78,5,2,2,2
2020,35,0,10455348.92,0.00,5,2,4,2
2020,2,1,169265.10,82772.02,5,2,5,2
2020,102,6,13810406.20,804514.26,5,2,13,2
2020,1,0,13950.00,0.00,5,3,3,3
2020,1,0,8800.00,0.00,5,3,3,6
2020,2,1,109700.00,40900.00,5,3,7,3
2020,5,3,298800.00,158800.00,5,3,7,6
2020,1,0,72600.00,0.00,5,3,7,7
2020,76,16,3036000.00,673200.00,5,3,9,1
2020,146,36,5834400.00,1531200.00,5,3,9,3
2020,30,6,1188000.00,250800.00,5,3,9,4
2020,488,146,19747200.00,6362400.00,5,3,9,6
2020,286,79,11404800.00,3286800.00,5,3,9,7
2020,1,0,53300.00,0.00,5,3,10,3
2020,1,0,53300.00,0.00,5,3,10,6
2020,1,1,53300.00,53300.00,5,3,10,7
2020,7,2,344450.00,113350.00,5,3,11,1
2020,15,1,822149.00,54000.00,5,3,11,3
2020,2,0,122100.00,0.00,5,3,11,4
2020,89,20,4914018.47,1100150.00,5,3,11,6
2020,38,7,1990250.00,392200.00,5,3,11,7
2020,1,0,57600.00,0.00,5,3,12,1
2020,4,1,156550.00,33950.00,5,3,12,3
2020,14,3,820700.00,172800.00,5,3,12,6
2020,6,0,319300.00,0.00,5,3,12,7
2020,5,1,408852.50,70000.00,6,1,6,1
2020,1,0,71030.00,0.00,6,1,6,2
2020,11,2,4270789.00,3049870.00,6,1,6,3
2020,2,2,782736.00,515752.00,6,1,6,4
2020,25,7,3666531.73,741712.00,6,1,6,6
2020,11,5,2033628.00,1185936.00,6,1,6,7
2020,92,6,7483993.62,591983.74,6,2,2,2
2020,11,0,3360946.84,0.00,6,2,4,2
2020,4,0,353555.54,0.00,6,2,5,2
2020,100,4,14241580.60,513052.62,6,2,13,2
2020,4,1,57700.00,15400.00,6,3,3,3
2020,2,1,41600.00,26400.00,6,3,3,6
2020,1,1,19200.00,19200.00,6,3,3,7
2020,1,0,27800.00,0.00,6,3,7,3
2020,1,0,69600.00,0.00,6,3,7,4
2020,1,0,20800.00,0.00,6,3,7,7
2020,71,12,2864400.00,528000.00,6,3,9,1
2020,226,38,9134400.00,1676400.00,6,3,9,3
2020,19,1,778800.00,39600.00,6,3,9,4
2020,711,181,28393200.00,8434800.00,6,3,9,6
2020,297,50,11866800.00,2217600.00,6,3,9,7
2020,2,0,116200.00,0.00,6,3,10,3
2020,2,0,106600.00,0.00,6,3,10,6
2020,1,1,53300.00,53300.00,6,3,10,7
2020,9,1,500100.00,54000.00,6,3,11,1
2020,36,4,1961220.00,226920.00,6,3,11,3
2020,4,2,225700.00,113600.00,6,3,11,4
2020,188,39,10287808.00,2148300.00,6,3,11,6
2020,69,18,3673786.00,955200.00,6,3,11,7
2020,2,1,115200.00,57600.00,6,3,12,1
2020,6,2,371500.00,126500.00,6,3,12,3
2020,1,0,57600.00,0.00,6,3,12,4
2020,23,2,1355850.00,120150.00,6,3,12,6
2020,4,1,236800.00,57600.00,6,3,12,7
2020,13,1,1851395.00,119932.00,7,1,6,1
2020,38,10,10332009.60,3835248.00,7,1,6,3
2020,9,0,1476135.31,0.00,7,1,6,4
2020,80,36,145085405.05,128824099.20,7,1,6,6
2020,54,26,19590643.29,9357424.00,7,1,6,7
2020,127,23,11782834.42,2025645.58,7,2,2,2
2020,43,1,18419594.66,265006.82,7,2,4,2
2020,7,2,525413.29,180332.59,7,2,5,2
2020,145,11,21065137.69,1488365.57,7,2,13,2
2020,1,1,14400.00,14400.00,7,3,1,6
2020,1,0,15400.00,0.00,7,3,3,4
2020,2,0,26400.00,0.00,7,3,3,6
2020,2,0,135200.00,0.00,7,3,7,3
2020,4,1,236270.00,62400.00,7,3,7,6
2020,1,0,69800.00,0.00,7,3,7,7
2020,60,20,2402400.00,858000.00,7,3,9,1
2020,233,73,9332400.00,3220800.00,7,3,9,3
2020,26,3,1029600.00,132000.00,7,3,9,4
2020,820,305,32683200.00,13464000.00,7,3,9,6
2020,288,106,11457600.00,4646400.00,7,3,9,7
2020,1,0,56300.00,0.00,7,3,10,1
2020,1,1,55300.00,55300.00,7,3,10,3
2020,10,2,533000.00,106600.00,7,3,10,6
2020,6,3,325800.00,165900.00,7,3,10,7
2020,18,3,976100.00,162000.00,7,3,11,1
2020,82,19,4438450.00,1043300.00,7,3,11,3
2020,10,1,527200.00,54000.00,7,3,11,4
2020,268,51,14599004.45,2786750.00,7,3,11,6
2020,147,37,7980100.00,1998000.00,7,3,11,7
2020,1,0,57600.00,0.00,7,3,12,1
2020,8,2,470350.00,124750.00,7,3,12,3
2020,40,10,2329450.00,594350.00,7,3,12,6
2020,10,2,584900.00,115200.00,7,3,12,7
2020,3,2,120085.00,40000.00,8,1,6,1
2020,3,1,263151.06,20000.00,8,1,6,3
2020,1,0,249524.00,0.00,8,1,6,4
2020,9,3,936112.00,90000.00,8,1,6,6
2020,7,1,1056502.00,20000.00,8,1,6,7
2020,26,2,2028181.45,227675.07,8,2,2,2
2020,20,0,5591486.44,0.00,8,2,4,2
2020,1,0,81796.06,0.00,8,2,5,2
2020,37,3,4869941.53,302284.18,8,2,13,2
2020,2,0,141900.00,0.00,8,3,7,3
2020,1,0,62400.00,0.00,8,3,7,6
2020,38,12,1504800.00,514800.00,8,3,9,1
2020,80,20,3168000.00,818400.00,8,3,9,3
2020,21,6,858000.00,237600.00,8,3,9,4
2020,217,75,8778000.00,3366000.00,8,3,9,6
2020,68,24,2719200.00,1069200.00,8,3,9,7
2020,8,0,441950.00,0.00,8,3,11,1
2020,1,0,31100.00,0.00,8,3,11,2
2020,12,1,675000.00,54000.00,8,3,11,3
2020,69,10,3609200.00,545500.00,8,3,11,6
2020,21,5,1140017.00,254200.00,8,3,11,7
2020,2,0,33200.00,0.00,8,3,12,1
2020,1,1,62000.00,62000.00,8,3,12,3
2020,14,7,818240.00,392480.00,8,3,12,6
2020,1,1,63600.00,63600.00,8,3,12,7
2020,12,1,2291789.60,193120.00,9,1,6,1
2020,42,0,6413677.21,0.00,9,1,6,3
2020,8,0,1441295.73,0.00,9,1,6,4
2020,62,0,10377923.95,0.00,9,1,6,6
2020,43,1,7862921.02,199200.00,9,1,6,7
2020,1,0,110000.00,0.00,10,1,6,1
2020,5,1,993262.50,350000.00,10,1,6,3
2020,3,2,202260.00,88400.00,10,1,6,6
2020,3,1,581412.00,234912.00,10,1,6,7
2020,1,0,545684.68,0.00,10,2,4,2
2020,4,0,555532.11,0.00,10,2,13,2
2020,2,0,79200.00,0.00,10,3,9,1
2020,4,2,184800.00,92400.00,10,3,9,3
2020,12,7,475200.00,303600.00,10,3,9,6
2020,6,1,237600.00,39600.00,10,3,9,7
2020,3,1,124400.00,59100.00,10,3,11,6
2020,1,0,31500.00,0.00,10,3,11,7
2020,1,1,62650.00,62650.00,10,3,12,6
2020,1,0,57600.00,0.00,10,3,12,7
2020,1,0,198800.00,0.00,11,1,6,1
2020,8,1,1435823.00,19200.00,11,1,6,6
2020,2,0,397320.00,0.00,11,1,6,7
2021,247,43,34864575.72,4714666.98,1,1,6,1
2021,3,2,340443.23,170898.03,1,1,6,2
2021,267,51,34498634.58,5690665.39,1,1,6,3
2021,119,23,14388168.69,2364263.26,1,1,6,4
2021,532,120,76729280.66,13429738.99,1,1,6,6
2021,334,84,49970476.81,11944286.22,1,1,6,7
2021,1,1,7900.00,7900.00,1,3,1,6
2021,2,1,42400.00,14200.00,1,3,3,1
2021,3,1,42600.00,13950.00,1,3,3,3
2021,4,2,69257.44,28100.00,1,3,3,6
2021,2,2,36900.00,36900.00,1,3,3,7
2021,1,0,19544.96,0.00,1,3,7,1
2021,4,0,256880.00,0.00,1,3,7,3
2021,1,1,63600.00,63600.00,1,3,7,4
2021,6,3,300200.00,101000.00,1,3,7,6
2021,1,0,67093.00,0.00,1,3,7,7
2021,164,94,6494400.00,4144800.00,1,3,9,1
2021,206,114,8184000.00,5082000.00,1,3,9,3
2021,50,25,1980000.00,1029600.00,1,3,9,4
2021,614,377,24472800.00,17305200.00,1,3,9,6
2021,320,173,12777600.00,7840800.00,1,3,9,7
2021,3,1,165350.00,57400.00,1,3,10,1
2021,1,0,57400.00,0.00,1,3,10,3
2021,11,4,605400.00,227300.00,1,3,10,6
2021,6,1,325800.00,56300.00,1,3,10,7
2021,30,14,1650810.00,767400.00,1,3,11,1
2021,90,41,4846292.21,2223900.00,1,3,11,3
2021,9,3,486600.00,162000.00,1,3,11,4
2021,217,141,11788624.00,7660074.00,1,3,11,6
2021,98,61,5317900.00,3310100.00,1,3,11,7
2021,7,2,408100.00,115700.00,1,3,12,1
2021,13,2,765100.00,124000.00,1,3,12,3
2021,3,1,173550.00,57600.00,1,3,12,4
2021,32,13,1906994.00,756650.00,1,3,12,6
2021,14,5,873200.74,288750.00,1,3,12,7
2021,130,29,20771493.32,4061558.73,2,1,6,1
2021,3,0,433900.00,0.00,2,1,6,2
2021,266,59,38636210.94,7033536.83,2,1,6,3
2021,113,20,16855620.72,3106298.50,2,1,6,4
2021,651,153,102394246.99,21278096.28,2,1,6,6
2021,271,74,37554941.42,8946977.00,2,1,6,7
2021,1,1,12200.00,12200.00,2,3,3,3
2021,4,1,58370.00,13700.00,2,3,3,6
2021,3,1,37200.00,15200.00,2,3,3,7
2021,2,0,130800.00,0.00,2,3,7,1
2021,6,1,423400.00,63400.00,2,3,7,3
2021,2,1,58000.00,21600.00,2,3,7,4
2021,5,2,239900.00,87500.00,2,3,7,6
2021,2,0,126800.00,0.00,2,3,7,7
2021,105,48,4184400.00,2191200.00,2,3,9,1
2021,226,102,9002400.00,4474800.00,2,3,9,3
2021,77,36,3049200.00,1636800.00,2,3,9,4
2021,1084,633,43375200.00,29475600.00,2,3,9,6
2021,289,166,11470800.00,7576800.00,2,3,9,7
2021,4,3,213200.00,159900.00,2,3,10,1
2021,2,2,107100.00,107100.00,2,3,10,3
2021,11,4,588300.00,215200.00,2,3,10,6
2021,10,3,533000.00,159900.00,2,3,10,7
2021,40,26,2186800.00,1429400.00,2,3,11,1
2021,104,59,5637700.00,3203900.00,2,3,11,3
2021,31,16,1702350.00,869750.00,2,3,11,4
2021,412,259,22313388.69,14007611.15,2,3,11,6
2021,137,87,7438600.00,4722800.00,2,3,11,7
2021,11,2,667600.00,130200.00,2,3,12,1
2021,19,7,1085550.00,393600.00,2,3,12,3
2021,3,2,174000.00,116400.00,2,3,12,4
2021,67,41,3902050.00,2386600.00,2,3,12,6
2021,14,10,817350.00,580400.00,2,3,12,7
2021,123,29,17124969.81,2989436.00,3,1,6,1
2021,355,71,47797808.39,7089421.27,3,1,6,3
2021,78,18,10842091.13,1824600.00,3,1,6,4
2021,551,164,78644737.72,15690188.12,3,1,6,6
2021,283,86,40373761.20,9258813.99,3,1,6,7
2021,1,0,13200.00,0.00,3,3,3,3
2021,6,5,90700.00,77500.00,3,3,3,6
2021,1,1,14950.00,14950.00,3,3,3,7
2021,2,1,88400.00,26000.00,3,3,7,1
2021,4,1,263100.00,67400.00,3,3,7,3
2021,4,1,223900.00,63900.00,3,3,7,4
2021,12,5,709100.00,260600.00,3,3,7,6
2021,4,4,218700.00,218700.00,3,3,7,7
2021,166,83,6626400.00,3590400.00,3,3,9,1
2021,480,236,19034400.00,10322400.00,3,3,9,3
2021,74,32,2930400.00,1399200.00,3,3,9,4
2021,1349,745,53948400.00,34122000.00,3,3,9,6
2021,451,211,17938800.00,9530400.00,3,3,9,7
2021,7,2,375100.00,108600.00,3,3,10,6
2021,3,1,164750.00,54050.00,3,3,10,7
2021,28,18,1496500.00,978700.00,3,3,11,1
2021,92,66,5021200.00,3602200.00,3,3,11,3
2021,16,7,873500.00,385500.00,3,3,11,4
2021,257,189,13983800.00,10271900.00,3,3,11,6
2021,93,65,5060050.00,3530950.00,3,3,11,7
2021,1,1,59600.00,59600.00,3,3,12,1
2021,1,1,60000.00,60000.00,3,3,12,2
2021,9,4,491600.00,201600.00,3,3,12,3
2021,3,1,175800.00,57600.00,3,3,12,4
2021,53,28,3100950.00,1636700.00,3,3,12,6
2021,9,4,466200.00,202600.00,3,3,12,7
2021,93,46,13069837.94,2756475.65,4,1,6,1
2021,1,0,160000.00,0.00,4,1,6,2
2021,217,101,28267486.83,5788586.87,4,1,6,3
2021,72,25,9288992.94,1366268.33,4,1,6,4
2021,376,181,47224000.81,11431069.04,4,1,6,6
2021,253,128,31356093.12,7269981.20,4,1,6,7
2021,4,3,58100.00,37400.00,4,3,3,3
2021,1,1,15400.00,15400.00,4,3,3,4
2021,5,4,71320.00,56800.00,4,3,3,6
2021,2,2,28900.00,28900.00,4,3,3,7
2021,3,2,154100.00,89700.00,4,3,7,1
2021,3,1,193095.00,67400.00,4,3,7,3
2021,1,1,72400.00,72400.00,4,3,7,4
2021,4,1,212050.00,31950.00,4,3,7,6
2021,5,1,291900.00,67600.00,4,3,7,7
2021,119,56,4765200.00,2362800.00,4,3,9,1
2021,245,88,9754800.00,3788400.00,4,3,9,3
2021,67,29,2706000.00,1240800.00,4,3,9,4
2021,795,399,32010000.00,18163200.00,4,3,9,6
2021,412,178,16632000.00,7827600.00,4,3,9,7
2021,8,3,429000.00,163000.00,4,3,11,1
2021,2,0,121000.00,0.00,4,3,11,2
2021,22,9,1181850.00,540700.00,4,3,11,3
2021,4,3,220750.00,166000.00,4,3,11,4
2021,154,104,8378723.80,5631743.80,4,3,11,6
2021,49,32,2640800.00,1737900.00,4,3,11,7
2021,10,5,586200.00,293400.00,4,3,12,1
2021,16,9,943960.00,471330.00,4,3,12,3
2021,2,1,193000.00,110400.00,4,3,12,4
2021,47,27,2637450.00,1461250.00,4,3,12,6
2021,14,10,792570.00,551170.00,4,3,12,7
2021,45,21,5324654.00,877351.38,5,1,6,1
2021,2,1,356800.00,46600.00,5,1,6,2
2021,141,72,16891048.77,2972246.07,5,1,6,3
2021,29,21,4056880.81,1051307.00,5,1,6,4
2021,268,148,29558002.27,6971137.15,5,1,6,6
2021,246,122,28299113.66,5119227.69,5,1,6,7
2021,1,0,26200.00,0.00,5,3,3,6
2021,1,1,11000.00,11000.00,5,3,3,7
2021,1,0,64200.00,0.00,5,3,7,1
2021,10,5,629000.00,322000.00,5,3,7,6
2021,2,2,89100.00,89100.00,5,3,7,7
2021,81,25,3260400.00,1069200.00,5,3,9,1
2021,185,65,7326000.00,2824800.00,5,3,9,3
2021,17,11,699600.00,435600.00,5,3,9,4
2021,601,238,23984400.00,10243200.00,5,3,9,6
2021,326,97,13041600.00,4105200.00,5,3,9,7
2021,2,1,106950.00,53650.00,5,3,10,6
2021,8,4,427900.00,220100.00,5,3,11,1
2021,14,13,785503.00,731503.00,5,3,11,3
2021,2,1,110000.00,54000.00,5,3,11,4
2021,74,47,4080450.00,2590700.00,5,3,11,6
2021,26,18,1424000.80,976100.00,5,3,11,7
2021,3,1,156000.00,38400.00,5,3,12,1
2021,3,2,169150.00,111550.00,5,3,12,3
2021,28,15,1576650.00,830400.00,5,3,12,6
2021,7,6,484500.00,354900.00,5,3,12,7
2021,105,22,13971205.27,2651606.86,6,1,6,1
2021,3,0,294190.00,0.00,6,1,6,2
2021,313,92,40476218.56,8456445.66,6,1,6,3
2021,40,8,4977502.33,513770.30,6,1,6,4
2021,829,223,115033094.85,27080156.52,6,1,6,6
2021,307,83,40644862.78,8655528.29,6,1,6,7
2021,3,0,42100.00,0.00,6,3,3,3
2021,4,1,56800.00,15200.00,6,3,3,6
2021,3,1,37700.00,15700.00,6,3,3,7
2021,2,0,127300.00,0.00,6,3,7,1
2021,5,1,321700.00,62400.00,6,3,7,3
2021,1,1,65400.00,65400.00,6,3,7,4
2021,7,1,380800.00,62400.00,6,3,7,6
2021,3,0,196700.00,0.00,6,3,7,7
2021,72,31,2851200.00,1333200.00,6,3,9,1
2021,229,82,9068400.00,3630000.00,6,3,9,3
2021,23,6,910800.00,264000.00,6,3,9,4
2021,969,466,38715600.00,21027600.00,6,3,9,6
2021,307,122,12183600.00,5530800.00,6,3,9,7
2021,3,0,164900.00,0.00,6,3,10,6
2021,4,0,213200.00,0.00,6,3,10,7
2021,13,5,683160.00,275200.00,6,3,11,1
2021,35,13,1891100.00,702000.00,6,3,11,3
2021,3,1,166500.00,54000.00,6,3,11,4
2021,135,75,7315846.00,4060850.00,6,3,11,6
2021,72,45,3866196.00,2406500.00,6,3,11,7
2021,1,0,43800.00,0.00,6,3,12,1
2021,7,4,398450.00,222050.00,6,3,12,3
2021,4,2,245120.00,117120.00,6,3,12,4
2021,35,14,2104218.00,832968.00,6,3,12,6
2021,12,3,671600.00,147200.00,6,3,12,7
2021,67,13,8607338.10,845806.73,7,1,6,1
2021,267,94,36885818.03,7170762.46,7,1,6,3
2021,46,7,6054300.40,911118.23,7,1,6,4
2021,631,188,85043078.22,15334123.50,7,1,6,6
2021,282,104,39441210.39,9948346.34,7,1,6,7
2021,1,0,13200.00,0.00,7,3,1,6
2021,2,2,28800.00,28800.00,7,3,3,3
2021,5,4,65500.00,52300.00,7,3,3,6
2021,1,1,13200.00,13200.00,7,3,3,7
2021,3,1,162050.00,27250.00,7,3,7,3
2021,7,2,310400.00,78000.00,7,3,7,6
2021,68,33,2719200.00,1399200.00,7,3,9,1
2021,239,121,9490800.00,5240400.00,7,3,9,3
2021,33,12,1306800.00,488400.00,7,3,9,4
2021,933,467,37105200.00,21318000.00,7,3,9,6
2021,376,188,14968800.00,8527200.00,7,3,9,7
2021,1,0,53300.00,0.00,7,3,10,3
2021,9,6,483700.00,323800.00,7,3,10,6
2021,7,5,379100.00,270500.00,7,3,10,7
2021,7,6,381000.00,327000.00,7,3,11,1
2021,52,31,2823334.00,1681534.00,7,3,11,3
2021,2,1,108000.00,54000.00,7,3,11,4
2021,184,116,9956801.00,6309680.00,7,3,11,6
2021,92,72,5052600.00,3956900.00,7,3,11,7
2021,2,2,115200.00,115200.00,7,3,12,1
2021,9,5,522800.00,292400.00,7,3,12,3
2021,2,2,116950.00,116950.00,7,3,12,4
2021,29,10,1654400.00,557050.00,7,3,12,6
2021,20,9,1150400.00,507200.00,7,3,12,7
2021,17,11,2690881.03,659000.00,8,1,6,1
2021,1,0,275000.00,0.00,8,1,6,2
2021,35,14,4250521.52,493900.00,8,1,6,3
2021,8,6,1345541.09,329650.00,8,1,6,4
2021,50,29,6016533.59,1091767.00,8,1,6,6
2021,42,23,6103532.97,1394925.00,8,1,6,7
2021,1,0,13200.00,0.00,8,3,3,3
2021,1,0,18800.00,0.00,8,3,3,4
2021,3,2,36200.00,23000.00,8,3,3,6
2021,2,1,127779.00,65379.00,8,3,7,3
2021,1,1,26800.00,26800.00,8,3,7,7
2021,26,10,1029600.00,409200.00,8,3,9,1
2021,84,30,3379200.00,1333200.00,8,3,9,3
2021,21,9,831600.00,409200.00,8,3,9,4
2021,252,129,10058400.00,5979600.00,8,3,9,6
2021,91,42,3630000.00,1874400.00,8,3,9,7
2021,1,0,54000.00,0.00,8,3,11,3
2021,1,1,54750.00,54750.00,8,3,11,4
2021,60,41,3194250.00,2199850.00,8,3,11,6
2021,14,12,756500.00,648500.00,8,3,11,7
2021,1,1,57600.00,57600.00,8,3,12,1
2021,19,13,1058500.00,739600.00,8,3,12,6
2021,3,2,154000.00,96400.00,8,3,12,7
2021,2,0,315069.19,0.00,10,1,6,1
2021,10,2,1413210.00,151575.00,10,1,6,3
2021,2,1,354800.00,158265.00,10,1,6,4
2021,25,10,4415783.13,1438428.00,10,1,6,6
2021,5,4,1206100.00,852332.00,10,1,6,7
2021,1,0,39600.00,0.00,10,3,9,1
2021,9,4,356400.00,171600.00,10,3,9,3
2021,1,1,39600.00,39600.00,10,3,9,4
2021,11,6,435600.00,237600.00,10,3,9,6
2021,7,3,277200.00,118800.00,10,3,9,7
2021,2,1,85620.00,54120.00,10,3,11,3
2021,1,1,54000.00,54000.00,10,3,11,6
2021,1,0,62000.00,0.00,10,3,12,6
2022,7,5,2922336.00,2465856.00,1,1,6,1
2022,13,7,2655276.15,1755184.00,1,1,6,3
2022,1,0,133400.00,0.00,1,1,6,4
2022,20,8,4669585.74,2884968.00,1,1,6,6
2022,13,8,5152039.10,3090896.00,1,1,6,7
2022,147,85,5874000.00,3643200.00,1,3,9,1
2022,163,90,6454800.00,4078800.00,1,3,9,3
2022,39,18,1544400.00,765600.00,1,3,9,4
2022,459,262,18308400.00,11880000.00,1,3,9,6
2022,259,170,10335600.00,7550400.00,1,3,9,7
2022,1,1,150000.00,80000.00,2,1,6,1
2022,6,4,2330633.90,711148.40,2,1,6,3
2022,2,2,195000.00,125000.00,2,1,6,4
2022,38,23,46195514.22,42064233.00,2,1,6,6
2022,11,5,5412851.50,3410624.00,2,1,6,7
2022,83,44,3286800.00,1887600.00,2,3,9,1
2022,214,121,8500800.00,5306400.00,2,3,9,3
2022,80,37,3168000.00,1584000.00,2,3,9,4
2022,771,463,30716400.00,20697600.00,2,3,9,6
2022,237,139,9438000.00,6375600.00,2,3,9,7
2022,14,8,6947126.68,4091008.00,3,1,6,1
2022,21,17,3940638.00,1611248.00,3,1,6,3
2022,5,3,994156.00,492576.00,3,1,6,4
2022,60,40,12699469.83,8408016.00,3,1,6,6
2022,14,9,3439365.14,2450232.00,3,1,6,7
2022,112,60,4435200.00,2600400.00,3,3,9,1
2022,390,194,15576000.00,8698800.00,3,3,9,3
2022,68,29,2692800.00,1267200.00,3,3,9,4
2022,1039,528,41487600.00,24274800.00,3,3,9,6
2022,332,167,13252800.00,7471200.00,3,3,9,7
2022,7,4,770639.80,90000.00,4,1,6,1
2022,12,7,1833345.00,246000.00,4,1,6,3
2022,4,3,460955.64,195000.00,4,1,6,4
2022,29,15,4705682.17,1348858.00,4,1,6,6
2022,8,3,730731.99,116000.00,4,1,6,7
2022,97,48,3920400.00,2098800.00,4,3,9,1
2022,231,97,9200400.00,4105200.00,4,3,9,3
2022,69,14,2758800.00,594000.00,4,3,9,4
2022,686,358,27693600.00,16011600.00,4,3,9,6
2022,345,160,13741200.00,6890400.00,4,3,9,7
2022,5,3,900000.00,150000.00,5,1,6,1
2022,1,0,65926.00,0.00,5,1,6,2
2022,11,7,1935954.78,245000.00,5,1,6,3
2022,1,1,98720.00,55000.00,5,1,6,4
2022,31,21,3311485.51,896696.00,5,1,6,6
2022,25,17,3738094.65,1790160.00,5,1,6,7
2022,67,24,2679600.00,990000.00,5,3,9,1
2022,152,50,6177600.00,2098800.00,5,3,9,3
2022,14,3,554400.00,118800.00,5,3,9,4
2022,547,248,21872400.00,10520400.00,5,3,9,6
2022,298,117,11959200.00,4989600.00,5,3,9,7
2022,8,2,1259054.30,150000.00,6,1,6,1
2022,15,3,4971481.79,605772.00,6,1,6,3
2022,6,3,4138228.90,1537872.00,6,1,6,4
2022,35,13,6812092.38,1848724.00,6,1,6,6
2022,6,3,1719329.11,434700.00,6,1,6,7
2022,55,21,2204400.00,897600.00,6,3,9,1
2022,190,69,7576800.00,2996400.00,6,3,9,3
2022,30,6,1214400.00,264000.00,6,3,9,4
2022,748,342,29884800.00,15166800.00,6,3,9,6
2022,258,110,10269600.00,4778400.00,6,3,9,7
2022,4,3,1279200.00,440200.00,7,1,6,1
2022,24,14,9587294.64,5745819.61,7,1,6,3
2022,4,3,2657696.00,1869516.00,7,1,6,4
2022,47,33,14122116.90,7754800.00,7,1,6,6
2022,16,16,8261529.00,7225184.00,7,1,6,7
2022,42,19,1663200.00,818400.00,7,3,9,1
2022,207,101,8276400.00,4501200.00,7,3,9,3
2022,28,10,1108800.00,409200.00,7,3,9,4
2022,725,378,29000400.00,17371200.00,7,3,9,6
2022,280,145,11114400.00,6520800.00,7,3,9,7
2022,2,1,230000.00,46665.00,8,1,6,1
2022,4,0,348183.00,0.00,8,1,6,3
2022,1,1,150000.00,46665.00,8,1,6,4
2022,6,2,679474.08,81665.00,8,1,6,6
2022,4,3,441216.90,160000.00,8,1,6,7
2022,23,11,910800.00,435600.00,8,3,9,1
2022,66,27,2613600.00,1108800.00,8,3,9,3
2022,21,8,831600.00,330000.00,8,3,9,4
2022,240,135,9741600.00,6111600.00,8,3,9,6
2022,86,46,3405600.00,1993200.00,8,3,9,7
2022,2,0,156700.00,0.00,10,1,6,1
2022,5,1,1069343.00,100000.00,10,1,6,3
2022,1,0,91700.00,0.00,10,1,6,4
2022,3,1,444890.00,100000.00,10,1,6,6
2022,5,3,1294930.00,1078336.00,10,1,6,7
2022,3,1,118800.00,39600.00,10,3,9,1
2022,4,1,158400.00,52800.00,10,3,9,3
2022,1,1,39600.00,39600.00,10,3,9,4
2022,16,8,633600.00,330000.00,10,3,9,6
2022,6,4,237600.00,158400.00,10,3,9,7
2023,235,64,36654042.05,7146915.84,1,1,6,1
2023,3,1,796132.00,136595.28,1,1,6,2
2023,331,95,49573080.72,9984011.76,1,1,6,3
2023,106,23,15891761.99,2165214.48,1,1,6,4
2023,528,143,86319057.79,16106135.90,1,1,6,6
2023,318,89,51700615.01,10979578.54,1,1,6,7
2023,1,0,18600.00,0.00,1,3,1,7
2023,1,1,21700.00,21700.00,1,3,3,1
2023,5,2,96000.00,37700.00,1,3,3,3
2023,1,0,10200.00,0.00,1,3,3,4
2023,5,2,87220.00,43700.00,1,3,3,6
2023,170,58,6732000.00,2600400.00,1,3,9,1
2023,227,82,9068400.00,3603600.00,1,3,9,3
2023,54,14,2164800.00,660000.00,1,3,9,4
2023,479,198,19126800.00,9160800.00,1,3,9,6
2023,292,124,11589600.00,5596800.00,1,3,9,7
2023,55,7,3773550.00,477120.00,1,3,11,1
2023,212,35,14623750.00,2392100.00,1,3,11,3
2023,24,4,1674400.00,273040.00,1,3,11,4
2023,385,85,26428445.00,5778990.00,1,3,11,6
2023,188,37,12911385.00,2524420.00,1,3,11,7
2023,15,2,1090900.00,143520.00,1,3,12,1
2023,52,6,3673980.00,433560.00,1,3,12,3
2023,3,1,192935.00,85295.00,1,3,12,4
2023,87,6,6405947.00,449240.00,1,3,12,6
2023,32,3,2353920.00,215280.00,1,3,12,7
2023,157,26,31966832.23,5018844.00,2,1,6,1
2023,2,0,547040.00,0.00,2,1,6,2
2023,345,91,60217826.58,12418909.11,2,1,6,3
2023,130,24,25597875.36,3362874.48,2,1,6,4
2023,827,197,165441426.21,31555118.61,2,1,6,6
2023,306,89,52924613.05,14693099.57,2,1,6,7
2023,1,0,10500.00,0.00,2,3,3,1
2023,3,2,58872.00,38772.00,2,3,3,3
2023,2,1,30650.00,20600.00,2,3,3,4
2023,7,3,146350.00,72300.00,2,3,3,6
2023,128,46,5095200.00,2072400.00,2,3,9,1
2023,264,100,10533600.00,4620000.00,2,3,9,3
2023,81,26,3234000.00,1161600.00,2,3,9,4
2023,879,381,35257200.00,17793600.00,2,3,9,6
2023,293,134,11629200.00,6032400.00,2,3,9,7
2023,94,15,6454840.00,1038900.00,2,3,11,1
2023,280,63,19209226.00,4309530.00,2,3,11,3
2023,67,12,4610270.00,825720.00,2,3,11,4
2023,634,135,43406128.01,9270674.00,2,3,11,6
2023,317,67,21882401.68,4610120.00,2,3,11,7
2023,19,2,1407940.00,143520.00,2,3,12,1
2023,69,4,5055769.07,290040.00,2,3,12,3
2023,26,5,1917460.00,372700.00,2,3,12,4
2023,144,26,10410620.08,1873760.00,2,3,12,6
2023,55,4,3985400.00,287040.00,2,3,12,7
2023,154,43,25082421.50,3881148.00,3,1,6,1
2023,3,0,709506.00,0.00,3,1,6,2
2023,423,125,68611638.53,11922695.88,3,1,6,3
2023,98,29,15118689.50,2767272.54,3,1,6,4
2023,705,246,129726995.70,39193158.44,3,1,6,6
2023,328,100,51829277.04,10107874.30,3,1,6,7
2023,2,0,38200.00,0.00,3,3,3,1
2023,1,0,24600.00,0.00,3,3,3,2
2023,6,1,118600.00,21600.00,3,3,3,3
2023,3,1,39100.00,18500.00,3,3,3,4
2023,8,4,150945.50,66745.50,3,3,3,6
2023,6,1,110900.00,19600.00,3,3,3,7
2023,157,49,6243600.00,2125200.00,3,3,9,1
2023,504,161,20116800.00,7180800.00,3,3,9,3
2023,99,25,3920400.00,1069200.00,3,3,9,4
2023,1218,525,48892800.00,24182400.00,3,3,9,6
2023,393,158,15615600.00,6996000.00,3,3,9,7
2023,58,5,4014180.00,346000.00,3,3,11,1
2023,186,33,12862570.00,2276680.00,3,3,11,3
2023,15,6,1025150.00,408960.00,3,3,11,4
2023,473,110,32591485.84,7560740.00,3,3,11,6
2023,178,35,12265768.00,2390760.00,3,3,11,7
2023,25,3,1847400.00,216030.00,3,3,12,1
2023,1,0,76760.00,0.00,3,3,12,2
2023,56,8,4062640.00,582380.00,3,3,12,3
2023,10,1,739118.00,81760.00,3,3,12,4
2023,148,17,10673685.20,1240920.00,3,3,12,6
2023,39,1,2802190.00,71760.00,3,3,12,7
2023,121,50,18687035.35,3680023.00,4,1,6,1
2023,3,2,516480.00,222700.00,4,1,6,2
2023,337,134,52384051.90,8404513.09,4,1,6,3
2023,87,30,13833900.84,2123789.70,4,1,6,4
2023,519,228,80146339.95,15299356.02,4,1,6,6
2023,290,122,44771201.01,8642329.40,4,1,6,7
2023,1,1,18600.00,18600.00,4,3,1,6
2023,1,0,21700.00,0.00,4,3,3,1
2023,2,0,41200.00,0.00,4,3,3,3
2023,7,3,132500.00,49500.00,4,3,3,6
2023,4,0,78400.00,0.00,4,3,3,7
2023,187,45,7405200.00,1887600.00,4,3,9,1
2023,357,78,14269200.00,3471600.00,4,3,9,3
2023,93,18,3682800.00,818400.00,4,3,9,4
2023,876,270,35164800.00,12474000.00,4,3,9,6
2023,468,129,18664800.00,5847600.00,4,3,9,7
2023,31,9,2230460.00,628640.00,4,3,11,1
2023,75,7,5247070.00,487120.00,4,3,11,3
2023,13,3,908470.00,208120.00,4,3,11,4
2023,295,54,20332938.28,3714704.00,4,3,11,6
2023,159,35,10978736.00,2416250.00,4,3,11,7
2023,40,5,2869460.00,380400.00,4,3,12,1
2023,4,0,314660.00,0.00,4,3,12,2
2023,84,8,6196845.00,598940.00,4,3,12,3
2023,15,3,1113240.00,221980.00,4,3,12,4
2023,202,23,14695488.00,1647410.00,4,3,12,6
2023,89,10,6357187.04,724160.00,4,3,12,7
2023,72,40,12048257.10,2012643.01,5,1,6,1
2023,1,0,89260.00,0.00,5,1,6,2
2023,200,100,26867527.00,4689501.70,5,1,6,3
2023,41,17,5269596.90,785842.00,5,1,6,4
2023,370,199,50509664.19,9040139.07,5,1,6,6
2023,249,130,33866264.14,5871660.37,5,1,6,7
2023,1,1,9300.00,9300.00,5,3,1,7
2023,2,1,40700.00,22100.00,5,3,3,3
2023,3,2,59800.00,40700.00,5,3,3,6
2023,3,0,49400.00,0.00,5,3,3,7
2023,104,23,4197600.00,1082400.00,5,3,9,1
2023,253,50,10071600.00,2178000.00,5,3,9,3
2023,47,9,1861200.00,369600.00,5,3,9,4
2023,633,149,25251600.00,6600000.00,5,3,9,6
2023,350,81,13886400.00,3458400.00,5,3,9,7
2023,12,1,830920.00,68160.00,5,3,11,1
2023,38,5,2697100.00,351320.00,5,3,11,3
2023,6,1,414160.00,68160.00,5,3,11,4
2023,132,31,9256677.60,2142910.00,5,3,11,6
2023,67,9,4661890.00,614640.00,5,3,11,7
2023,14,1,997360.00,72160.00,5,3,12,1
2023,36,2,2663467.00,144520.00,5,3,12,3
2023,4,1,310040.00,71760.00,5,3,12,4
2023,80,12,5691526.00,880016.00,5,3,12,6
2023,38,1,2708050.00,72510.00,5,3,12,7
2023,121,37,18041445.19,3766011.08,6,1,6,1
2023,5,0,795256.30,0.00,6,1,6,2
2023,457,144,65436593.99,13072788.15,6,1,6,3
2023,68,15,10683117.97,1169863.80,6,1,6,4
2023,837,245,127194224.93,23531793.04,6,1,6,6
2023,300,106,44883421.03,10178597.95,6,1,6,7
2023,1,0,21600.00,0.00,6,3,3,2
2023,5,3,99900.00,63300.00,6,3,3,3
2023,4,1,88500.00,22200.00,6,3,3,6
2023,86,15,3405600.00,646800.00,6,3,9,1
2023,296,50,11774400.00,2283600.00,6,3,9,3
2023,38,3,1504800.00,145200.00,6,3,9,4
2023,843,205,33778800.00,10216800.00,6,3,9,6
2023,280,54,11114400.00,2626800.00,6,3,9,7
2023,26,4,1788610.00,272640.00,6,3,11,1
2023,84,15,5797277.07,1027900.00,6,3,11,3
2023,14,2,1041140.00,136320.00,6,3,11,4
2023,242,54,16664998.00,3715840.00,6,3,11,6
2023,131,32,9015212.00,2162340.00,6,3,11,7
2023,9,0,653590.00,0.00,6,3,12,1
2023,40,6,2987010.00,490670.00,6,3,12,3
2023,8,1,546950.00,71760.00,6,3,12,4
2023,115,15,8318160.00,1069770.00,6,3,12,6
2023,43,10,3147770.00,711140.00,6,3,12,7
2023,75,25,14347568.85,4242419.47,7,1,6,1
2023,4,3,503540.00,199052.00,7,1,6,2
2023,343,132,56600771.34,10387558.01,7,1,6,3
2023,48,12,7548637.44,706085.27,7,1,6,4
2023,660,270,113370350.64,23223255.37,7,1,6,6
2023,274,125,47690114.41,10422615.26,7,1,6,7
2023,2,1,46400.00,22600.00,7,3,1,6
2023,2,1,43200.00,21600.00,7,3,3,3
2023,4,2,80500.00,43300.00,7,3,3,6
2023,57,20,2257200.00,897600.00,7,3,9,1
2023,255,81,10203600.00,3537600.00,7,3,9,3
2023,45,5,1782000.00,250800.00,7,3,9,4
2023,882,359,35217600.00,16671600.00,7,3,9,6
2023,316,115,12619200.00,5227200.00,7,3,9,7
2023,8,0,514700.00,0.00,7,3,11,1
2023,104,15,7166497.40,1029100.00,7,3,11,3
2023,6,1,413960.00,68160.00,7,3,11,4
2023,287,56,19745221.52,3845408.00,7,3,11,6
2023,145,39,9966959.80,2665631.00,7,3,11,7
2023,9,3,656980.00,222780.00,7,3,12,1
2023,1,0,81760.00,0.00,7,3,12,2
2023,44,6,3213216.04,431560.00,7,3,12,3
2023,3,0,284280.00,0.00,7,3,12,4
2023,108,16,7688198.00,1116280.00,7,3,12,6
2023,48,6,3448170.00,431060.00,7,3,12,7
2023,33,11,4921287.20,508826.00,8,1,6,1
2023,52,23,7578454.51,1226236.39,8,1,6,3
2023,28,14,4443690.83,1120771.50,8,1,6,4
2023,56,33,8193526.79,1725979.50,8,1,6,6
2023,50,24,7173505.45,1226904.13,8,1,6,7
2023,5,2,115600.00,65200.00,8,3,3,3
2023,2,1,46000.00,15400.00,8,3,3,6
2023,2,0,35000.00,0.00,8,3,3,7
2023,54,10,2138400.00,422400.00,8,3,9,1
2023,120,23,4778400.00,990000.00,8,3,9,3
2023,43,11,1702800.00,475200.00,8,3,9,4
2023,279,93,11101200.00,4329600.00,8,3,9,6
2023,100,26,3960000.00,1174800.00,8,3,9,7
2023,8,1,521500.00,68160.00,8,3,11,1
2023,27,5,1913720.00,342800.00,8,3,11,3
2023,4,0,289240.00,0.00,8,3,11,4
2023,122,28,8426795.00,1950990.00,8,3,11,6
2023,37,5,2557560.00,346900.00,8,3,11,7
2023,9,1,656840.00,71760.00,8,3,12,1
2023,1,0,71760.00,0.00,8,3,12,2
2023,29,4,2061290.00,263870.00,8,3,12,3
2023,7,1,531320.00,91760.00,8,3,12,4
2023,82,7,5902423.70,514020.00,8,3,12,6
2023,25,3,1782630.00,209820.00,8,3,12,7
2023,10,1,1725201.00,171360.00,10,1,6,1
2023,20,7,2673596.04,427280.00,10,1,6,3
2023,8,3,1234392.00,295000.00,10,1,6,4
2023,27,11,4522360.33,1226518.80,10,1,6,6
2023,16,4,1898521.68,377480.00,10,1,6,7
2023,3,0,118800.00,0.00,10,3,9,1
2023,10,1,396000.00,39600.00,10,3,9,3
2023,2,1,79200.00,39600.00,10,3,9,4
2023,17,4,673200.00,158400.00,10,3,9,6
2023,9,2,356400.00,92400.00,10,3,9,7
2023,1,0,68160.00,0.00,10,3,11,3
2023,3,3,205980.00,205980.00,10,3,11,6
2023,1,0,68160.00,0.00,10,3,11,7
2023,1,0,77260.00,0.00,10,3,12,1
2023,4,0,289540.00,0.00,10,3,12,3
2023,1,0,35913.00,0.00,10,3,12,7
2024,314,76,90702118.25,15704877.14,1,1,6,1
2024,6,2,3470702.63,550840.00,1,1,6,2
2024,396,113,132684254.92,33752958.27,1,1,6,3
2024,155,40,53474766.28,11512926.81,1,1,6,4
2024,805,258,267502416.05,78159940.55,1,1,6,6
2024,412,123,144487586.14,39049202.23,1,1,6,7
2024,1,0,21436.80,0.00,1,3,1,6
2024,2,1,46473.60,25036.80,1,3,1,7
2024,1,0,26036.80,0.00,1,3,3,1
2024,2,0,52373.60,0.00,1,3,3,3
2024,2,2,53573.60,53573.60,1,3,3,4
2024,6,3,147402.40,76010.40,1,3,3,6
2024,1,1,16318.40,16318.40,1,3,3,7
2024,2,1,70000.00,42000.00,1,3,6,1
2024,4,1,462000.00,56000.00,1,3,6,3
2024,16,4,1484000.00,252000.00,1,3,6,6
2024,3,0,336000.00,0.00,1,3,6,7
2024,8,2,631500.00,156000.00,1,3,7,1
2024,24,3,1873500.00,234000.00,1,3,7,3
2024,4,0,348450.00,0.00,1,3,7,4
2024,39,5,3079500.00,380000.00,1,3,7,6
2024,14,3,1059040.00,234000.00,1,3,7,7
2024,178,77,13456800.00,6174000.00,1,3,9,1
2024,243,126,18370800.00,10407600.00,1,3,9,3
2024,84,32,6350400.00,2520000.00,1,3,9,4
2024,564,296,42638400.00,25048800.00,1,3,9,6
2024,280,147,21168000.00,12297600.00,1,3,9,7
2024,7,1,442000.00,62400.00,1,3,10,1
2024,9,2,577200.00,124800.00,1,3,10,3
2024,1,0,62400.00,0.00,1,3,10,4
2024,19,5,1200500.00,321200.00,1,3,10,6
2024,16,2,1013600.00,124800.00,1,3,10,7
2024,75,10,5134850.00,681600.00,1,3,11,1
2024,262,45,17945540.00,3084800.00,1,3,11,3
2024,30,6,2040450.00,408960.00,1,3,11,4
2024,390,62,26749975.00,4237570.00,1,3,11,6
2024,231,39,15866448.00,2668640.00,1,3,11,7
2024,234,72,83162778.96,24318913.15,2,1,6,1
2024,12,4,6691603.10,3625507.32,2,1,6,2
2024,521,155,202413465.46,65126415.92,2,1,6,3
2024,185,50,79819627.87,22127450.46,2,1,6,4
2024,1220,396,500090968.58,176988468.80,2,1,6,6
2024,458,159,169943725.46,64709328.46,2,1,6,7
2024,5,2,97992.80,40828.00,2,3,3,1
2024,4,2,73537.60,37532.40,2,3,3,3
2024,9,3,195398.80,72260.40,2,3,3,6
2024,4,2,78083.20,40828.00,2,3,3,7
2024,8,0,560000.00,0.00,2,3,6,1
2024,10,0,868000.00,0.00,2,3,6,3
2024,2,1,84000.00,42000.00,2,3,6,4
2024,18,3,1680000.00,140000.00,2,3,6,6
2024,10,1,980000.00,56000.00,2,3,6,7
2024,16,3,1268450.00,234000.00,2,3,7,1
2024,37,3,2811250.00,234000.00,2,3,7,3
2024,13,2,1016200.00,156000.00,2,3,7,4
2024,95,17,7440650.00,1346500.00,2,3,7,6
2024,25,2,1966250.00,156000.00,2,3,7,7
2024,110,49,8316000.00,4082400.00,2,3,9,1
2024,297,137,22453200.00,11012400.00,2,3,9,3
2024,107,40,8089200.00,3276000.00,2,3,9,4
2024,968,472,73180800.00,39639600.00,2,3,9,6
2024,306,166,23133600.00,13507200.00,2,3,9,7
2024,10,2,624000.00,124800.00,2,3,10,1
2024,6,0,374400.00,0.00,2,3,10,3
2024,20,4,1233400.00,249600.00,2,3,10,6
2024,15,2,910000.00,124800.00,2,3,10,7
2024,130,14,8897550.00,972840.00,2,3,11,1
2024,1,0,68160.00,0.00,2,3,11,2
2024,329,48,22560040.00,3340180.00,2,3,11,3
2024,94,14,6437390.00,960190.00,2,3,11,4
2024,753,116,51458540.00,7939300.00,2,3,11,6
2024,328,64,22304540.00,4374640.00,2,3,11,7
2024,237,64,75340670.91,17472356.78,3,1,6,1
2024,11,6,6157087.51,3664207.96,3,1,6,2
2024,641,222,211682302.63,66405063.88,3,1,6,3
2024,165,46,51593909.88,11211780.34,3,1,6,4
2024,1164,416,407913732.05,149079137.50,3,1,6,6
2024,489,162,156736200.31,47513591.96,3,1,6,7
2024,2,0,35728.00,0.00,3,3,3,1
2024,3,2,52573.60,31136.80,3,3,3,3
2024,15,7,289705.60,150366.40,3,3,3,6
2024,3,1,69537.60,26236.80,3,3,3,7
2024,2,0,252000.00,0.00,3,3,6,1
2024,18,3,1316000.00,168000.00,3,3,6,3
2024,26,4,2534000.00,238000.00,3,3,6,6
2024,18,1,1148000.00,84000.00,3,3,6,7
2024,14,2,957250.00,156000.00,3,3,7,1
2024,28,3,2136050.00,191550.00,3,3,7,3
2024,5,0,406000.00,0.00,3,3,7,4
2024,69,12,5381200.00,853500.00,3,3,7,6
2024,24,8,1924300.00,631500.00,3,3,7,7
2024,198,87,14968800.00,7056000.00,3,3,9,1
2024,629,240,47552400.00,19756800.00,3,3,9,3
2024,129,45,9752400.00,3754800.00,3,3,9,4
2024,1420,667,107352000.00,56548800.00,3,3,9,6
2024,399,184,30164400.00,14968800.00,3,3,9,7
2024,2,0,124800.00,0.00,3,3,10,1
2024,11,4,669600.00,249600.00,3,3,10,3
2024,3,0,345600.00,0.00,3,3,10,4
2024,8,0,499200.00,0.00,3,3,10,6
2024,5,1,312000.00,62400.00,3,3,10,7
2024,63,13,4321070.00,906980.00,3,3,11,1
2024,255,35,17513312.31,2422510.00,3,3,11,3
2024,49,6,3325360.00,408960.00,3,3,11,4
2024,581,96,39993586.19,6645210.00,3,3,11,6
2024,198,32,13490940.00,2189820.00,3,3,11,7
2024,178,58,42939556.10,11096740.41,4,1,6,1
2024,9,3,4667915.15,2178119.68,4,1,6,2
2024,398,118,105463802.94,25235961.00,4,1,6,3
2024,125,43,31238081.04,6156889.93,4,1,6,4
2024,625,190,153158389.43,41679232.88,4,1,6,6
2024,356,92,91434846.28,21296674.59,4,1,6,7
2024,3,2,62119.20,37585.50,4,3,3,1
2024,4,1,82451.60,21436.80,4,3,3,3
2024,3,0,64310.40,0.00,4,3,3,4
2024,2,0,46723.60,0.00,4,3,3,6
2024,1,1,21436.80,21436.80,4,3,3,7
2024,4,1,448000.00,70000.00,4,3,6,1
2024,11,0,1078000.00,0.00,4,3,6,3
2024,1,0,126000.00,0.00,4,3,6,4
2024,14,1,1582000.00,56000.00,4,3,6,6
2024,13,1,1260000.00,84000.00,4,3,6,7
2024,17,1,1091971.00,83200.00,4,3,7,1
2024,1,1,45500.00,45500.00,4,3,7,2
2024,34,11,2452850.00,810000.00,4,3,7,3
2024,5,2,399182.40,163250.00,4,3,7,4
2024,98,9,7352180.00,660250.00,4,3,7,6
2024,29,3,2170000.00,234000.00,4,3,7,7
2024,208,64,15724800.00,5090400.00,4,3,9,1
2024,459,118,34700400.00,9450000.00,4,3,9,3
2024,164,44,12398400.00,3603600.00,4,3,9,4
2024,1027,359,77641200.00,29584800.00,4,3,9,6
2024,505,160,38178000.00,12978000.00,4,3,9,7
2024,3,0,193400.00,0.00,4,3,10,3
2024,1,0,41600.00,0.00,4,3,10,4
2024,4,0,249600.00,0.00,4,3,10,6
2024,1,0,62400.00,0.00,4,3,10,7
2024,60,14,4168750.00,964390.00,4,3,11,1
2024,1,0,78360.00,0.00,4,3,11,2
2024,142,18,9588790.00,1226880.00,4,3,11,3
2024,33,8,2217820.00,561880.00,4,3,11,4
2024,454,72,30924240.00,4940140.00,4,3,11,6
2024,205,24,13839040.00,1641040.00,4,3,11,7
2024,124,46,30596546.44,6353698.51,5,1,6,1
2024,4,0,478730.00,0.00,5,1,6,2
2024,277,98,68668016.69,16690835.56,5,1,6,3
2024,64,23,19074664.19,3176793.24,5,1,6,4
2024,557,214,126699720.91,35530318.88,5,1,6,6
2024,330,106,79740136.32,15112876.51,5,1,6,7
2024,1,0,21436.80,0.00,5,3,1,6
2024,2,1,46398.96,27007.76,5,3,3,3
2024,2,1,46723.60,25286.80,5,3,3,6
2024,4,0,252000.00,0.00,5,3,6,1
2024,7,2,714000.00,98000.00,5,3,6,3
2024,18,4,1386000.00,210000.00,5,3,6,6
2024,15,0,1470000.00,0.00,5,3,6,7
2024,6,0,468600.00,0.00,5,3,7,1
2024,16,6,1714256.00,482250.00,5,3,7,3
2024,2,1,164000.00,78000.00,5,3,7,4
2024,58,7,4353550.08,567800.00,5,3,7,6
2024,15,2,1087700.00,137500.00,5,3,7,7
2024,107,30,8089200.00,2419200.00,5,3,9,1
2024,270,70,20412000.00,5670000.00,5,3,9,3
2024,65,15,4914000.00,1184400.00,5,3,9,4
2024,761,255,57531600.00,21168000.00,5,3,9,6
2024,374,97,28274400.00,7686000.00,5,3,9,7
2024,2,0,130000.00,0.00,5,3,10,1
2024,4,0,249600.00,0.00,5,3,10,3
2024,3,0,193150.00,0.00,5,3,10,4
2024,7,0,410800.00,0.00,5,3,10,6
2024,3,0,187200.00,0.00,5,3,10,7
2024,29,8,1970810.00,545280.00,5,3,11,1
2024,80,9,5400140.00,579360.00,5,3,11,3
2024,9,2,613440.00,136320.00,5,3,11,4
2024,247,43,16898658.00,3001780.00,5,3,11,6
2024,110,25,7610863.90,1716800.00,5,3,11,7
2024,167,41,54539927.42,13037887.82,6,1,6,1
2024,8,3,2351460.00,1139350.00,6,1,6,2
2024,567,138,155053329.42,33082991.29,6,1,6,3
2024,88,24,28306611.05,7333040.21,6,1,6,4
2024,1312,315,361139488.65,75815236.92,6,1,6,6
2024,411,126,139616898.35,50841651.82,6,1,6,7
2024,2,1,49073.60,21436.80,6,3,3,1
2024,6,1,118911.20,11745.60,6,3,3,3
2024,2,2,35728.00,35728.00,6,3,3,4
2024,4,1,92374.40,25536.80,6,3,3,6
2024,3,1,72173.60,14245.60,6,3,3,7
2024,1,0,84000.00,0.00,6,3,6,1
2024,9,1,672000.00,84000.00,6,3,6,3
2024,9,2,980000.00,98000.00,6,3,6,6
2024,11,3,728000.00,210000.00,6,3,6,7
2024,6,0,468000.00,0.00,6,3,7,1
2024,24,6,1803750.00,476250.00,6,3,7,3
2024,41,6,3104000.00,486850.00,6,3,7,6
2024,7,1,468500.00,52500.00,6,3,7,7
2024,82,24,6199200.00,2016000.00,6,3,9,1
2024,295,83,22302000.00,6980400.00,6,3,9,3
2024,40,10,3024000.00,831600.00,6,3,9,4
2024,1026,398,77565600.00,35506800.00,6,3,9,6
2024,300,104,22680000.00,8845200.00,6,3,9,7
2024,3,1,187200.00,62400.00,6,3,10,1
2024,6,0,381100.00,0.00,6,3,10,3
2024,1,0,62400.00,0.00,6,3,10,4
2024,11,3,603950.00,193150.00,6,3,10,6
2024,8,3,468000.00,187200.00,6,3,10,7
2024,41,6,2808660.00,408960.00,6,3,11,1
2024,165,29,11329350.00,1983340.00,6,3,11,3
2024,22,1,1536420.00,68160.00,6,3,11,4
2024,386,61,26313412.00,4142830.00,6,3,11,6
2024,164,30,11057070.00,2010720.00,6,3,11,7
2024,126,42,39889609.03,13068654.82,7,1,6,1
2024,6,1,3717943.10,727999.88,7,1,6,2
2024,496,166,177480280.85,61568035.97,7,1,6,3
2024,87,29,33831512.68,8654582.65,7,1,6,4
2024,1034,328,354117775.63,99397373.60,7,1,6,6
2024,545,169,210391941.66,58658393.96,7,1,6,7
2024,1,1,21436.80,21436.80,7,3,1,7
2024,1,0,21436.80,0.00,7,3,3,1
2024,2,0,51073.60,0.00,7,3,3,3
2024,2,1,52573.60,25036.80,7,3,3,6
2024,4,2,102247.20,52073.60,7,3,3,7
2024,12,1,1022000.00,42000.00,7,3,6,3
2024,1,0,126000.00,0.00,7,3,6,4
2024,20,3,1694000.00,126000.00,7,3,6,6
2024,19,3,1876000.00,168000.00,7,3,6,7
2024,7,0,587954.87,0.00,7,3,7,1
2024,28,2,2188750.00,170500.00,7,3,7,3
2024,1,1,78000.00,78000.00,7,3,7,4
2024,58,7,4462000.00,480700.00,7,3,7,6
2024,17,7,1242350.00,546000.00,7,3,7,7
2024,82,41,6199200.00,3225600.00,7,3,9,1
2024,295,137,22302000.00,11088000.00,7,3,9,3
2024,57,26,4309200.00,2016000.00,7,3,9,4
2024,973,495,73558800.00,41403600.00,7,3,9,6
2024,372,196,28123200.00,16052400.00,7,3,9,7
2024,1,0,31200.00,0.00,7,3,10,1
2024,9,3,535600.00,187200.00,7,3,10,3
2024,26,7,1578468.80,416500.00,7,3,10,6
2024,16,3,967200.00,187200.00,7,3,10,7
2024,22,1,1505220.00,68160.00,7,3,11,1
2024,166,29,11340759.69,2005559.69,7,3,11,3
2024,17,0,1140540.00,0.00,7,3,11,4
2024,349,54,23853280.00,3714240.00,7,3,11,6
2024,193,40,13228430.00,2743000.00,7,3,11,7
2024,61,18,16666269.79,5174597.62,8,1,6,1
2024,77,32,16540067.03,4883804.92,8,1,6,3
2024,37,15,8008302.29,1860850.74,8,1,6,4
2024,118,35,31562436.50,8268740.05,8,1,6,6
2024,53,17,13394996.27,2345201.59,8,1,6,7
2024,1,0,21436.80,0.00,8,3,3,1
2024,2,2,53141.60,53141.60,8,3,3,3
2024,1,0,21436.80,0.00,8,3,3,6
2024,1,0,21436.80,0.00,8,3,3,7
2024,1,0,126000.00,0.00,8,3,6,1
2024,1,0,126000.00,0.00,8,3,6,3
2024,4,1,266000.00,42000.00,8,3,6,6
2024,2,1,168000.00,42000.00,8,3,6,7
2024,4,1,315900.00,78000.00,8,3,7,1
2024,8,2,600200.00,161950.00,8,3,7,3
2024,32,4,2333150.00,329400.00,8,3,7,6
2024,15,3,1041500.00,149500.00,8,3,7,7
2024,58,21,4384800.00,1713600.00,8,3,9,1
2024,147,36,11113200.00,2872800.00,8,3,9,3
2024,46,11,3477600.00,882000.00,8,3,9,4
2024,328,105,24796800.00,8744400.00,8,3,9,6
2024,122,34,9223200.00,2797200.00,8,3,9,7
2024,26,5,1790010.00,353450.00,8,3,11,1
2024,38,10,2536040.00,584560.00,8,3,11,3
2024,6,1,426760.00,68160.00,8,3,11,4
2024,160,22,10813550.00,1421610.00,8,3,11,6
2024,52,6,3548740.00,408960.00,8,3,11,7
2024,14,0,4644856.50,0.00,10,1,6,1
2024,1,0,200000.00,0.00,10,1,6,2
2024,30,9,6575396.92,2105626.80,10,1,6,3
2024,5,1,843410.00,141173.00,10,1,6,4
2024,60,12,18052357.86,3029253.60,10,1,6,6
2024,21,2,7854728.78,1133199.84,10,1,6,7
2024,1,1,78000.00,78000.00,10,3,7,1
2024,1,1,78000.00,78000.00,10,3,7,3
2024,1,0,78000.00,0.00,10,3,7,4
2024,14,3,1058400.00,252000.00,10,3,9,3
2024,4,1,302400.00,75600.00,10,3,9,4
2024,33,16,2494800.00,1260000.00,10,3,9,6
2024,10,5,756000.00,378000.00,10,3,9,7
2024,2,1,136320.00,68160.00,10,3,11,3
2024,10,2,681600.00,136320.00,10,3,11,6
2024,3,0,204480.00,0.00,10,3,11,7
